{
  "mrr": 0.7142857142857143,
  "recall@5": 0.8571428571428571,
  "recall@10": 0.8571428571428571,
  "citation_accuracy": 1.0,
  "citation_grounding": 1.0,
  "ttft": 0.2806214285714286,
  "throughput": 244.44714285714286
}